id,device,time_domain_hr,freq_domain_hr,average_hr,reference_hr,num_peaks,signal_length
1,iPhone 6s,74.61669505962521,74.54445057979017,74.5805728197077,70,74,1811
2,phone 6s,66.3157894736842,52.85481239804242,59.585300935863316,65,22,1811
100,phone 6s,66.3157894736842,52.85481239804242,59.585300935863316,75,22,1811
69,phone 6s,78.81355932203391,76.8,77.80677966101695,74,32,1811
20,phone 6s,65.06024096385542,55.629139072847686,60.34469001835156,82,15,1811
10,phone 6s,57.142857142857174,130.39370078740157,93.76827896512937,82,11,1811
90,phone 6s,85.52036199095024,84.49781659388645,85.00908929241834,90,43,1811
